train_loss,val_loss,train_box_loss,train_cls_loss,val_box_loss,val_cls_loss,lr,epoch_time,val_map50,val_precision,val_recall
0.00047578098019585013,0.0003048964717891067,0.0001981771638384089,0.000277603801805526,0.00010922800720436499,0.00019566847186069936,9.755282581475769e-05,127.64885902404785,0.5,0.5,0.5
0.00030478794360533357,0.00018095827545039356,0.00010912863217527047,0.0001956593187060207,6.801600829930976e-05,0.00011294225987512618,9.045084971874738e-05,123.34957265853882,0.5,0.5,0.5
0.00018076557898893952,0.0001253781229024753,6.804231816204265e-05,0.00011272326810285449,4.6262550313258544e-05,7.911556895123795e-05,7.938926261462366e-05,139.794105052948,0.5,0.5,0.5
0.00012478878488764167,0.00011320506018819287,4.616690057446249e-05,7.862188795115799e-05,4.6144778025336564e-05,6.706028216285631e-05,6.545084971874738e-05,120.40582203865051,0.5,0.5,0.5
0.00011316133895888925,0.00010825258505064994,4.625209840014577e-05,6.690924055874348e-05,4.137966243433766e-05,6.687291897833347e-05,5e-05,128.5778956413269,0.5,0.5,0.5
0.00010882941569434479,9.952459367923439e-05,4.166659346083179e-05,6.7162822233513e-05,3.408635893720202e-05,6.543823838001117e-05,3.4549150281252636e-05,143.07209753990173,0.5,0.5,0.5
9.95109585346654e-05,8.937663369579241e-05,3.409212513361126e-05,6.541883340105414e-05,3.056076093344018e-05,5.881587276235223e-05,2.061073738537635e-05,136.02948117256165,0.5,0.5,0.5
8.902884292183444e-05,8.17141990410164e-05,3.049384213227313e-05,5.853500260855071e-05,2.9501044991775416e-05,5.221315223025158e-05,9.549150281252633e-06,121.63391447067261,0.5,0.5,0.5
8.176128176273778e-05,7.72907369537279e-05,2.9443652238114737e-05,5.231763134361245e-05,2.892441989388317e-05,4.836631705984473e-05,2.4471741852423237e-06,128.6190311908722,0.5,0.5,0.5
7.707767508691177e-05,7.583366823382676e-05,2.890705582103692e-05,4.817061926587485e-05,2.87895709334407e-05,4.7044097300386056e-05,0.0001,146.85299706459045,0.5,0.5,0.5
7.632432971149683e-05,8.887222793418914e-05,2.8654696507146582e-05,4.766962956637144e-05,3.227795968996361e-05,5.659426824422553e-05,9.938441702975689e-05,135.14566683769226,0.5,0.5,0.5
8.953449287218973e-05,0.00011531214113347232,3.240666774217971e-05,5.7127825130010024e-05,3.608035694924183e-05,7.923178054625168e-05,9.755282581475769e-05,116.39125943183899,0.5,0.5,0.5
0.00011558168625924736,0.00010667055903468281,3.6203316994942725e-05,7.937836926430464e-05,3.67256325262133e-05,6.99449228704907e-05,9.45503262094184e-05,113.32926726341248,0.5,0.5,0.5
0.00010678630496840924,9.196369501296431e-05,3.669717625598423e-05,7.00891250744462e-05,3.2920601370278746e-05,5.9043090004706755e-05,9.045084971874738e-05,108.10418939590454,0.5,0.5,0.5
9.213118755724281e-05,8.14277955214493e-05,3.29443791997619e-05,5.9186804719502106e-05,2.8028045562678017e-05,5.3399751777760684e-05,8.535533905932738e-05,111.28011679649353,0.5,0.5,0.5
8.125166641548276e-05,6.911566742928699e-05,2.8018836019327864e-05,5.32328340341337e-05,2.488298196112737e-05,4.4232685468159616e-05,7.938926261462366e-05,113.79239273071289,0.5,0.5,0.5
6.896241393405944e-05,5.567002881434746e-05,2.4810038667055778e-05,4.4152377085993066e-05,2.2971245925873518e-05,3.269878288847394e-05,7.269952498697734e-05,117.43288016319275,0.5,0.5,0.5
5.579366552410647e-05,4.9991445848718286e-05,2.303096880496014e-05,3.276269490015693e-05,2.1382902559707873e-05,2.8608545107999817e-05,6.545084971874738e-05,126.53484463691711,0.5,0.5,0.5
5.0029448175337166e-05,5.457585211843252e-05,2.1443631339934655e-05,2.8585818654391915e-05,1.9776651242864318e-05,3.479920269455761e-05,5.782172325201155e-05,126.26853823661804,0.5,0.5,0.5
5.4607833590125665e-05,5.5164007790153846e-05,1.973671533050947e-05,3.4871118259616196e-05,1.9840317690977827e-05,3.532369009917602e-05,5e-05,130.58646607398987,0.5,0.5,0.5
5.5672564485576004e-05,5.2531151595758274e-05,1.98802154045552e-05,3.57923490810208e-05,2.0266899809939787e-05,3.226425178581849e-05,4.217827674798847e-05,112.38898706436157,0.5,0.5,0.5
5.255058204056695e-05,4.838786117034033e-05,2.03096387849655e-05,3.224094325560145e-05,2.004085217777174e-05,2.834700899256859e-05,3.4549150281252636e-05,118.92891097068787,0.5,0.5,0.5
4.825836367672309e-05,4.4223692384548485e-05,1.9988206986454315e-05,2.827015850925818e-05,1.8987540897796862e-05,2.523614966776222e-05,2.7300475013022663e-05,118.96786451339722,0.5,0.5,0.5
4.3937503505731e-05,4.0954055293696e-05,1.8965540220960975e-05,2.4971963284770027e-05,1.7806465621106327e-05,2.3147589672589675e-05,2.061073738537635e-05,122.0784969329834,0.5,0.5,0.5
4.08647429139819e-05,3.938663940061815e-05,1.7810980352805927e-05,2.3053762561175972e-05,1.6993191820802167e-05,2.2393447579815984e-05,1.4644660940672627e-05,119.00161790847778,0.5,0.5,0.5
3.9166014175862074e-05,3.86751489713788e-05,1.697953666734975e-05,2.2186477508512326e-05,1.6539588614250533e-05,2.213556035712827e-05,9.549150281252633e-06,115.23846817016602,0.5,0.5,0.5
3.857091724057682e-05,3.825574094662443e-05,1.6498146578669548e-05,2.207277066190727e-05,1.6251287888735533e-05,2.2004453057888895e-05,5.449673790581611e-06,110.77893662452698,0.5,0.5,0.5
3.8279460568446666e-05,3.801228740485385e-05,1.624813194212038e-05,2.2031326807336882e-05,1.6155923731275834e-05,2.1856361854588613e-05,2.4471741852423237e-06,115.16530704498291,0.5,0.5,0.5
3.8282902096398175e-05,3.8352802221197635e-05,1.622430863790214e-05,2.2058593458496034e-05,1.6249987311311997e-05,2.210281672887504e-05,6.15582970243117e-07,132.23560976982117,0.5,0.5,0.5
3.8155747461132705e-05,3.804305015364662e-05,1.613190397620201e-05,2.2023845303920098e-05,1.607302692718804e-05,2.197002322645858e-05,0.0001,127.5898506641388,0.5,0.5,0.5
3.8064717955421656e-05,4.1839375626295805e-05,1.6118041457957588e-05,2.1946676497464068e-05,1.775806231307797e-05,2.408131149422843e-05,9.98458666866564e-05,133.31746649742126,0.5,0.5,0.5
4.149821324972436e-05,4.625044311978854e-05,1.7602207663003355e-05,2.38960037677316e-05,1.916540895763319e-05,2.7085034162155353e-05,9.938441702975689e-05,137.42325854301453,0.5,0.5,0.5
4.587540024658665e-05,4.212191197439097e-05,1.8996206563315354e-05,2.68791955022607e-05,1.7926524378708564e-05,2.4195387595682405e-05,9.861849601988383e-05,110.53963208198547,0.5,0.5,0.5
4.20041469624266e-05,3.87876461900305e-05,1.7925098291016184e-05,2.4079050490399823e-05,1.8059665308101103e-05,2.0727980881929398e-05,9.755282581475769e-05,125.27771043777466,0.5,0.5,0.5
3.8880596548551694e-05,3.913469845429063e-05,1.809517380024772e-05,2.0785422748303972e-05,1.8235918105347082e-05,2.0898780348943546e-05,9.619397662556435e-05,132.71621584892273,0.5,0.5,0.5
3.9174345147330314e-05,3.764329449040815e-05,1.8234979506814852e-05,2.093936564051546e-05,1.6650325051159598e-05,2.099296762025915e-05,9.45503262094184e-05,122.64085245132446,0.5,0.5,0.5
3.7618399801431224e-05,3.3555261325091124e-05,1.665721538302023e-05,2.0961184418410994e-05,1.4889295016473625e-05,1.8665965399122797e-05,9.263200821770461e-05,114.70405864715576,0.5,0.5,0.5
3.362922871019691e-05,3.300141543149948e-05,1.4873683539917693e-05,1.8755546989268623e-05,1.4628189092036337e-05,1.8373228158452548e-05,9.045084971874738e-05,119.52810263633728,0.5,0.5,0.5
3.322718112030998e-05,3.281448516645469e-05,1.4794683011132292e-05,1.843249992816709e-05,1.3840651263308246e-05,1.897383299365174e-05,8.802029828000156e-05,116.41126370429993,0.5,0.5,0.5
3.2756397558841854e-05,2.957094693556428e-05,1.3840635801898316e-05,1.8915763575932942e-05,1.2481769772421103e-05,1.708917807263788e-05,8.535533905932738e-05,116.63805794715881,0.5,0.5,0.5
2.94495839625597e-05,2.8770778953912668e-05,1.245472867594799e-05,1.699485619610641e-05,1.2714017429971136e-05,1.6056761523941532e-05,8.247240241650919e-05,117.63442897796631,0.5,0.5,0.5
2.8813818062189966e-05,3.0056124160182662e-05,1.2735071322822478e-05,1.607874764886219e-05,1.3081949873594567e-05,1.6974174286588095e-05,7.938926261462366e-05,113.41660404205322,0.5,0.5,0.5
3.0202529160305858e-05,2.9400758648989722e-05,1.3093253983242903e-05,1.7109276086557657e-05,1.2715170669252984e-05,1.6685587979736738e-05,7.612492823579745e-05,109.48166728019714,0.5,0.5,0.5
2.9529388484661467e-05,2.7407659217715263e-05,1.2782795238308609e-05,1.674659324635286e-05,1.2262441487109754e-05,1.5145217730605509e-05,7.269952498697734e-05,120.01735210418701,0.5,0.5,0.5
2.743492223089561e-05,2.6746496587293223e-05,1.2277459063625429e-05,1.5157464076764882e-05,1.2035208783345297e-05,1.4711288713442627e-05,6.91341716182545e-05,121.88925075531006,0.5,0.5,0.5
2.687105006771162e-05,2.660483733052388e-05,1.203556439577369e-05,1.483548476244323e-05,1.1624786566244438e-05,1.4980051673774142e-05,6.545084971874738e-05,112.80636191368103,0.5,0.5,0.5
2.671067340997979e-05,2.535118801461067e-05,1.167060781881446e-05,1.504006559116533e-05,1.0952533557428978e-05,1.4398654457181692e-05,6.167226819279528e-05,134.36490488052368,0.5,0.5,0.5
2.5240091417799704e-05,2.4442801077384502e-05,1.0923295121756382e-05,1.4316796296043321e-05,1.0565659067651723e-05,1.3877142919227481e-05,5.782172325201155e-05,125.35093426704407,0.5,0.5,0.5
2.4524912078049965e-05,2.4707494958420284e-05,1.0587047654553317e-05,1.3937864423496649e-05,1.0599683264445048e-05,1.4107811693975236e-05,5.392295478639225e-05,121.59190464019775,0.5,0.5,0.5
2.469364153512288e-05,2.457479786244221e-05,1.0621618457662407e-05,1.4072023077460472e-05,1.064599200617522e-05,1.3928806765761692e-05,5e-05,119.84776568412781,0.5,0.5,0.5
2.4535362172173336e-05,2.3671025701332837e-05,1.0629098142089788e-05,1.390626493957825e-05,1.0473857400938869e-05,1.3197167390899267e-05,4.607704521360776e-05,116.06870484352112,0.5,0.5,0.5
2.381144258833956e-05,2.332078292965889e-05,1.0495615242689382e-05,1.3315827345650177e-05,1.0359418411098886e-05,1.2961363609065302e-05,4.217827674798847e-05,117.14570236206055,0.5,0.5,0.5
2.332666190341115e-05,2.33099126489833e-05,1.036892081174301e-05,1.2957742001162842e-05,1.0244785698887426e-05,1.3065126950095873e-05,3.8327731807204733e-05,126.22270345687866,0.5,0.5,0.5
2.329834023839794e-05,2.3106205844669603e-05,1.0237742571916897e-05,1.3060597666481044e-05,1.0079171261168085e-05,1.3027034583501518e-05,3.4549150281252636e-05,117.45457172393799,0.5,0.5,0.5
2.3060223611537367e-05,2.2437929146690294e-05,1.0073140401800629e-05,1.2987083209736738e-05,9.86726809060201e-06,1.2570660146593582e-05,3.086582838174551e-05,111.16339063644409,0.5,0.5,0.5
2.253086495329626e-05,2.2134325263323262e-05,9.862526894721668e-06,1.2668337149079889e-05,9.713540748634841e-06,1.2420784514688421e-05,2.7300475013022663e-05,109.02180790901184,0.5,0.5,0.5
2.2071679268265143e-05,2.1831925550941378e-05,9.686589692137204e-06,1.238509048562264e-05,9.576178854331374e-06,1.2255747606104705e-05,2.3875071764202563e-05,117.38268804550171,0.5,0.5,0.5
2.1940093574812636e-05,2.1964515326544642e-05,9.593237336957827e-06,1.2346855328360107e-05,9.575779586157296e-06,1.2388735740387347e-05,2.061073738537635e-05,114.41891050338745,0.5,0.5,0.5
2.178097565774806e-05,2.1663950974470936e-05,9.5213536042138e-06,1.2259621144039556e-05,9.47045464272378e-06,1.2193496331747156e-05,1.7527597583490822e-05,120.48538136482239,0.5,0.5,0.5
2.1704800019506365e-05,2.1638443286065012e-05,9.472341844229959e-06,1.2232458175276406e-05,9.479033906245604e-06,1.215941028931411e-05,1.4644660940672627e-05,122.80076146125793,0.5,0.5,0.5
2.1558473235927522e-05,2.1377738448791206e-05,9.459186912863515e-06,1.2099285413569305e-05,9.415444765181746e-06,1.1962294593104161e-05,1.1979701719998453e-05,130.2188582420349,0.5,0.5,0.5
2.1408379325293936e-05,2.1415056835394353e-05,9.42032511375146e-06,1.1988054211542476e-05,9.411560313310474e-06,1.2003496522083879e-05,9.549150281252633e-06,122.31050539016724,0.5,0.5,0.5
2.1323990949895233e-05,2.1115589333930984e-05,9.384953955304809e-06,1.1939037904085126e-05,9.278408469981514e-06,1.1837181773444172e-05,7.367991782295391e-06,116.88405871391296,0.5,0.5,0.5
2.124935417668894e-05,2.1273579477565363e-05,9.343680176243652e-06,1.1905674000445288e-05,9.343386409454979e-06,1.1930193977605086e-05,5.449673790581611e-06,125.52743935585022,0.5,0.5,0.5
2.1291461962391622e-05,2.1149171516299248e-05,9.36779997573467e-06,1.1923661986656953e-05,9.308890184911434e-06,1.1840282240882516e-05,3.8060233744356633e-06,121.01347231864929,0.5,0.5,0.5
2.120073258993216e-05,2.124059210473206e-05,9.333238267572597e-06,1.1867494322359562e-05,9.322783625975717e-06,1.1917808478756342e-05,2.4471741852423237e-06,133.59706592559814,0.5,0.5,0.5
2.109071283484809e-05,2.1225627278909087e-05,9.278280231228564e-06,1.1812433513114229e-05,9.337752999272197e-06,1.1887873370142188e-05,1.3815039801161721e-06,126.32386350631714,0.5,0.5,0.5
2.1181873307796195e-05,2.1169689716771245e-05,9.321304787590634e-06,1.186056761071086e-05,9.342746125184931e-06,1.1826944501081016e-05,6.15582970243117e-07,129.80459070205688,0.5,0.5,0.5
2.11261649383232e-05,2.1017855033278465e-05,9.283237886847928e-06,1.1842927051475272e-05,9.262748790206388e-06,1.1755105333577376e-05,1.5413331334360182e-07,121.4184148311615,0.5,0.5,0.5
2.11351944017224e-05,2.108037551806774e-05,9.28988174564438e-06,1.1845312656078022e-05,9.264751497539692e-06,1.1815624020528048e-05,0.0001,121.99821662902832,0.5,0.5,0.5
2.1137346266186796e-05,2.1707666746806353e-05,9.299898010795005e-06,1.1837448255391791e-05,9.580702680977993e-06,1.212696406582836e-05,9.996145181203615e-05,114.74031329154968,0.5,0.5,0.5
2.155132096959278e-05,2.1188536265981384e-05,9.500226951786317e-06,1.2051094927301165e-05,9.520218554825988e-06,1.1668317711155396e-05,9.98458666866564e-05,114.3620674610138,0.5,0.5,0.5
2.105663406837266e-05,2.0938849047524855e-05,9.48827073443681e-06,1.156836333393585e-05,9.309261258749757e-06,1.16295886982698e-05,9.965342284774632e-05,116.08995580673218,0.5,0.5,0.5
2.098765253322199e-05,2.0147475879639387e-05,9.330186003353447e-06,1.1657465620373841e-05,9.224581845046487e-06,1.0922893125098199e-05,9.938441702975689e-05,113.05449986457825,0.5,0.5,0.5
2.0112362108193338e-05,1.9269973563496023e-05,9.1741103460663e-06,1.0938250852632336e-05,8.527702448191121e-06,1.0742271115304902e-05,9.903926402016153e-05,125.54947662353516,0.5,0.5,0.5
1.9190809325664304e-05,1.9033963326364756e-05,8.492433153151069e-06,1.0698376172513235e-05,8.494899702782277e-06,1.0539062714087777e-05,9.861849601988383e-05,118.0936267375946,0.5,0.5,0.5
1.899878952826839e-05,1.8714124962571077e-05,8.472900844935793e-06,1.0525888683332596e-05,8.418792276643217e-06,1.029533268592786e-05,9.812276182268236e-05,116.32274317741394,0.5,0.5,0.5
1.8895054381573573e-05,1.8208489564131014e-05,8.476646144117694e-06,1.0418408237455878e-05,8.29399414215004e-06,9.914495421980973e-06,9.755282581475769e-05,124.78430581092834,0.5,0.5,0.5
1.823472121031955e-05,1.787751170923002e-05,8.315377272083424e-06,9.919343028741423e-06,8.190753760572989e-06,9.686758858151734e-06,9.690956679612421e-05,128.09657382965088,0.5,0.5,0.5
1.7927581211552024e-05,1.737715138006024e-05,8.214450645027682e-06,9.713131476019043e-06,7.815041499270592e-06,9.562108971294947e-06,9.619397662556435e-05,116.28383827209473,0.5,0.5,0.5
1.743196480674669e-05,1.6863185010151938e-05,7.850984729884658e-06,9.580980986356735e-06,7.656537491129711e-06,9.206647519022226e-06,9.540715869125407e-05,116.22153401374817,0.5,0.5,0.5
1.69427312357584e-05,1.6833128029247746e-05,7.68534118833486e-06,9.257390047423542e-06,7.783402907080017e-06,9.049725122167729e-06,9.45503262094184e-05,119.23064541816711,0.5,0.5,0.5
1.6873649656190537e-05,1.6412341210525483e-05,7.794221346557606e-06,9.079428309632931e-06,7.5759453466162086e-06,8.836396773403976e-06,9.362480035363986e-05,120.02895855903625,0.5,0.5,0.5
1.6270598280243576e-05,1.6035788576118648e-05,7.532342806371162e-06,8.738255928619765e-06,7.4509557634883095e-06,8.584832357882988e-06,9.263200821770461e-05,123.0766806602478,0.5,0.5,0.5
1.6055484593380243e-05,1.5995847206795588e-05,7.4541676440276206e-06,8.601316949352622e-06,7.2074922172760125e-06,8.788355444266926e-06,9.157348061512727e-05,122.41134643554688,0.5,0.5,0.5
1.5989768144208938e-05,1.5802950656507164e-05,7.210459443740547e-06,8.779308700468391e-06,7.177098268584814e-06,8.625853297417052e-06,9.045084971874738e-05,116.78702187538147,0.5,0.5,0.5
1.5730956874904223e-05,1.581826654728502e-05,7.123598152247723e-06,8.6073587226565e-06,7.095358341757674e-06,8.722909115022048e-06,8.926584654403724e-05,118.56893801689148,0.5,0.5,0.5
1.578813862579409e-05,1.5136416550376453e-05,7.1263607424043585e-06,8.661777428642381e-06,6.992177532083588e-06,8.144238563545514e-06,8.802029828000156e-05,121.23186206817627,0.5,0.5,0.5
1.5150504623306915e-05,1.4644255315943155e-05,6.9958791755198035e-06,8.15462499303976e-06,6.831434802734293e-06,7.812820513208862e-06,8.671612547178428e-05,111.56309342384338,0.5,0.5,0.5
1.4677567378384992e-05,1.4433522665058263e-05,6.84213409840595e-06,7.835433279979043e-06,6.7005712480749935e-06,7.73295141698327e-06,8.535533905932738e-05,123.01717472076416,0.5,0.5,0.5
1.447323666070588e-05,1.4295613254944328e-05,6.717324595229002e-06,7.755912520224229e-06,6.635470526816789e-06,7.66014272812754e-06,8.39400372766471e-05,111.95168995857239,0.5,0.5,0.5
1.4317220120574348e-05,1.438587969460059e-05,6.6739762587531e-06,7.643243407073896e-06,6.6407797021383885e-06,7.745100447209552e-06,8.247240241650919e-05,108.0815327167511,0.5,0.5,0.5
1.4376591934706084e-05,1.3989894796395674e-05,6.625720288866432e-06,7.750871191092301e-06,6.46710259388783e-06,7.522791747760493e-06,8.09546974654917e-05,111.40489983558655,0.5,0.5,0.5
1.4108125469647348e-05,1.3839769053447526e-05,6.506224508484593e-06,7.601900961162755e-06,6.428082997445017e-06,7.411686056002509e-06,7.938926261462366e-05,111.64515566825867,0.5,0.5,0.5
1.3782540008833166e-05,1.340873131994158e-05,6.385505457728868e-06,7.397034551104298e-06,6.313968242466217e-06,7.0947626227280125e-06,7.777851165098012e-05,122.7873101234436,0.5,0.5,0.5
1.3435834262054414e-05,1.3444601790979505e-05,6.291969839367084e-06,7.143864422687329e-06,6.345679139485583e-06,7.098923106241273e-06,7.612492823579745e-05,110.92176103591919,0.5,0.5,0.5
1.3243052308098413e-05,1.327369682257995e-05,6.2260410231829155e-06,7.0170112849154975e-06,6.194183242769213e-06,7.079513579810737e-06,7.443106207484776e-05,117.39939308166504,0.5,0.5,0.5
1.3253888027975336e-05,1.3067803593003191e-05,6.192610271682497e-06,7.061277756292839e-06,6.084070719225565e-06,6.983733328524977e-06,7.269952498697734e-05,109.46791791915894,0.5,0.5,0.5
1.3031900380156003e-05,1.2855258319177665e-05,6.053285233065253e-06,6.978614692343399e-06,6.023834885127144e-06,6.831423888797872e-06,7.09329868768714e-05,109.64485311508179,0.5,0.5,0.5
1.2818540199077688e-05,1.2579976100823842e-05,5.988225893815979e-06,6.83031476000906e-06,5.928403425059514e-06,6.651573130511679e-06,6.91341716182545e-05,109.58278846740723,0.5,0.5,0.5
