train_loss,val_loss,train_ce_loss,train_dice_loss,val_ce_loss,val_dice_loss,lr,epoch_time,val_miou,val_pixel_acc,val_dice
3.9302263259887695,3.9063360691070557,2.982861042022705,0.947365403175354,2.958994150161743,0.9473419189453125,9.755282581475769e-05,108.04604578018188,0.02653492243209054,0.05259561538696289,0.0526580810546875
3.9064016342163086,3.897036552429199,2.9590561389923096,0.947345495223999,2.949699640274048,0.9473370313644409,9.045084971874738e-05,112.52325773239136,0.026476025425320144,0.05269622802734375,0.05266296863555908
3.897000789642334,3.89555287361145,2.949665069580078,0.9473356008529663,2.9482154846191406,0.9473373293876648,7.938926261462366e-05,96.15886855125427,0.02649077572161429,0.052806854248046875,0.052662670612335205
3.8955345153808594,3.894888401031494,2.948197364807129,0.9473371505737305,2.9475512504577637,0.9473370313644409,6.545084971874738e-05,104.07090735435486,0.026500264646142274,0.05265331268310547,0.05266296863555908
3.894850254058838,3.8940887451171875,2.947514772415161,0.9473356008529663,2.946748733520508,0.9473400712013245,5e-05,90.64223265647888,0.026344103443858957,0.05259895324707031,0.05265992879867554
3.8939919471740723,3.893418073654175,2.9466562271118164,0.9473357796669006,2.946082592010498,0.947335422039032,3.4549150281252636e-05,98.40399360656738,0.026176396238392602,0.05259561538696289,0.05266457796096802
3.893418312072754,3.893110513687134,2.946082592010498,0.9473357796669006,2.945775032043457,0.9473354816436768,2.061073738537635e-05,101.08887386322021,0.026130758698027074,0.05267763137817383,0.05266451835632324
3.8931655883789062,3.892911195755005,2.9458277225494385,0.9473379254341125,2.9455783367156982,0.9473328590393066,9.549150281252633e-06,126.79709959030151,0.02618807481250963,0.052898406982421875,0.05266714096069336
3.8929548263549805,3.89290452003479,2.94562029838562,0.9473345875740051,2.945568799972534,0.9473357200622559,2.4471741852423237e-06,110.78379559516907,0.025976573726232875,0.05244255065917969,0.05266427993774414
3.8929290771484375,3.8929221630096436,2.9455926418304443,0.9473365545272827,2.945584774017334,0.9473374485969543,0.0001,106.71581792831421,0.026043363303178232,0.05264425277709961,0.052662551403045654
3.892890453338623,3.8925375938415527,2.945554733276367,0.9473357200622559,2.9452013969421387,0.9473361372947693,9.938441702975689e-05,101.70911526679993,0.0260134650452523,0.05261850357055664,0.05266386270523071
3.8925023078918457,3.89263916015625,2.9451680183410645,0.9473342895507812,2.945302724838257,0.9473363757133484,9.755282581475769e-05,99.04297995567322,0.026082320680066835,0.052562713623046875,0.05266362428665161
3.892599582672119,3.8927042484283447,2.945265054702759,0.9473344683647156,2.945369243621826,0.9473350048065186,9.45503262094184e-05,104.72012424468994,0.026155701466310455,0.05263328552246094,0.052664995193481445
3.892670154571533,3.892758846282959,2.9453370571136475,0.9473331570625305,2.945422649383545,0.9473362565040588,9.045084971874738e-05,102.24301767349243,0.0261371194869458,0.052642822265625,0.05266374349594116
3.8927223682403564,3.892728805541992,2.945387601852417,0.9473347663879395,2.945391893386841,0.9473369121551514,8.535533905932738e-05,112.02742195129395,0.025955731386715388,0.05253458023071289,0.05266308784484863
3.892728328704834,3.892577648162842,2.9453916549682617,0.9473366737365723,2.9452431201934814,0.9473345279693604,7.938926261462366e-05,124.80883073806763,0.025909311389296016,0.05267620086669922,0.05266547203063965
3.8926024436950684,3.892460584640503,2.9452667236328125,0.9473357796669006,2.9451255798339844,0.9473349452018738,7.269952498697734e-05,124.93618559837341,0.025826566991263022,0.052835941314697266,0.05266505479812622
3.8924670219421387,3.8923373222351074,2.945131540298462,0.9473356008529663,2.945002555847168,0.9473347663879395,6.545084971874738e-05,107.29594850540161,0.0256406369463149,0.052724361419677734,0.05266523361206055
3.892361879348755,3.892272710800171,2.945025682449341,0.9473361968994141,2.944936513900757,0.9473361372947693,5.782172325201155e-05,112.04043126106262,0.025672223475280094,0.052944183349609375,0.05266386270523071
3.8922619819641113,3.8921542167663574,2.9449260234832764,0.9473358392715454,2.9448206424713135,0.9473336935043335,5e-05,123.25193047523499,0.02562022623940381,0.052903175354003906,0.052666306495666504
3.8921990394592285,3.89216947555542,2.9448630809783936,0.9473358392715454,2.944833278656006,0.9473362565040588,4.217827674798847e-05,111.12710309028625,0.02549547723342958,0.05261850357055664,0.05266374349594116
3.8921642303466797,3.892134428024292,2.9448282718658447,0.947335958480835,2.944798707962036,0.9473357200622559,3.4549150281252636e-05,121.1061897277832,0.02555998654970024,0.0526881217956543,0.05266427993774414
3.8921234607696533,3.892077922821045,2.9447882175445557,0.9473352432250977,2.944744110107422,0.9473339319229126,2.7300475013022663e-05,110.69821214675903,0.025602839005923746,0.05279207229614258,0.0526660680770874
3.8921263217926025,3.892125368118286,2.9447901248931885,0.9473361968994141,2.944788694381714,0.947336733341217,2.061073738537635e-05,99.33799815177917,0.025412961535223627,0.052439212799072266,0.05266326665878296
3.8921070098876953,3.8921022415161133,2.9447712898254395,0.9473358392715454,2.944765567779541,0.947336733341217,1.4644660940672627e-05,100.36134243011475,0.025509908591457717,0.052739620208740234,0.05266326665878296
3.892106771469116,3.892108917236328,2.944770574569702,0.9473361968994141,2.944772243499756,0.9473366737365723,9.549150281252633e-06,102.64140295982361,0.02531100991305292,0.052414894104003906,0.052663326263427734
3.892075777053833,3.892072916030884,2.9447405338287354,0.9473351836204529,2.9447379112243652,0.9473350644111633,5.449673790581611e-06,117.42183208465576,0.025438349742706458,0.05265235900878906,0.05266493558883667
3.8920633792877197,3.892084836959839,2.9447286128997803,0.9473348259925842,2.944748878479004,0.947335958480835,2.4471741852423237e-06,109.27445769309998,0.025291280272537676,0.0524444580078125,0.05266404151916504
3.892068862915039,3.892076015472412,2.9447336196899414,0.9473351836204529,2.9447407722473145,0.9473352432250977,6.15582970243117e-07,101.10057926177979,0.02539339945217956,0.05255460739135742,0.052664756774902344
3.892059564590454,3.8920443058013916,2.9447247982025146,0.9473347663879395,2.9447097778320312,0.9473345279693604,0.0001,111.99403500556946,0.025365081331196488,0.05257749557495117,0.05266547203063965
3.892066478729248,3.892019271850586,2.9447314739227295,0.9473350048065186,2.9446845054626465,0.9473347663879395,9.98458666866564e-05,94.59972715377808,0.02521609995053037,0.0527653694152832,0.05266523361206055
3.892026424407959,3.89201021194458,2.9446916580200195,0.947334885597229,2.944675922393799,0.9473344087600708,9.938441702975689e-05,93.8266351222992,0.02511251074614802,0.052690982818603516,0.0526655912399292
3.8920392990112305,3.892080068588257,2.9447038173675537,0.9473356008529663,2.9447426795959473,0.9473373293876648,9.861849601988383e-05,91.44650197029114,0.025065978587873582,0.0524139404296875,0.052662670612335205
3.892052412033081,3.8920416831970215,2.944716453552246,0.947335958480835,2.944706439971924,0.9473353028297424,9.755282581475769e-05,106.21365928649902,0.025073439011867434,0.052403926849365234,0.05266469717025757
3.8920540809631348,3.8920416831970215,2.944718360900879,0.9473357200622559,2.944706439971924,0.9473352432250977,9.619397662556435e-05,104.34360909461975,0.025266618685126706,0.052753448486328125,0.052664756774902344
3.892025947570801,3.8920159339904785,2.9446914196014404,0.9473345279693604,2.944681406021118,0.9473345875740051,9.45503262094184e-05,114.49343013763428,0.025169364093505994,0.05256223678588867,0.05266541242599487
3.8920440673828125,3.8920187950134277,2.9447085857391357,0.9473356008529663,2.9446840286254883,0.9473347663879395,9.263200821770461e-05,126.18607068061829,0.025116311575379257,0.052642822265625,0.05266523361206055
3.892026901245117,3.8920512199401855,2.9446918964385986,0.9473350644111633,2.9447145462036133,0.9473366141319275,9.045084971874738e-05,104.65587210655212,0.02499611190013476,0.05236005783081055,0.05266338586807251
3.892021656036377,3.8920483589172363,2.9446864128112793,0.9473351836204529,2.944711208343506,0.9473370313644409,8.802029828000156e-05,106.16200089454651,0.02497600393357029,0.05240297317504883,0.05266296863555908
3.8920202255249023,3.8920111656188965,2.9446845054626465,0.9473356008529663,2.944675922393799,0.9473353624343872,8.535533905932738e-05,95.9862470626831,0.024997172722071553,0.05237245559692383,0.05266463756561279
3.892014980316162,3.8919968605041504,2.9446794986724854,0.9473356008529663,2.9446616172790527,0.9473351240158081,8.247240241650919e-05,101.501784324646,0.02516411964522036,0.052713871002197266,0.052664875984191895
3.8919992446899414,3.8919918537139893,2.9446637630462646,0.9473356008529663,2.9446566104888916,0.9473351836204529,7.938926261462366e-05,118.34377551078796,0.025176800669171138,0.05266857147216797,0.05266481637954712
3.891988515853882,3.891996145248413,2.944653272628784,0.9473351836204529,2.944659948348999,0.9473361372947693,7.612492823579745e-05,116.34200501441956,0.02499802357281151,0.052294254302978516,0.05266386270523071
3.8919715881347656,3.891984462738037,2.944636821746826,0.947334885597229,2.9446487426757812,0.9473357796669006,7.269952498697734e-05,100.17926526069641,0.025282924786728056,0.05278348922729492,0.052664220333099365
3.8919830322265625,3.8919637203216553,2.9446475505828857,0.9473356008529663,2.944628953933716,0.9473348259925842,6.91341716182545e-05,118.73017454147339,0.025090524973828722,0.05242109298706055,0.05266517400741577
3.891955852508545,3.891946792602539,2.9446210861206055,0.9473347067832947,2.944612503051758,0.9473344087600708,6.545084971874738e-05,112.3524522781372,0.02514318454900594,0.052542686462402344,0.0526655912399292
3.8919851779937744,3.8919644355773926,2.9446489810943604,0.9473361968994141,2.944628953933716,0.947335422039032,6.167226819279528e-05,101.59247064590454,0.02504703829297807,0.052496910095214844,0.05266457796096802
3.8919625282287598,3.8919677734375,2.944627046585083,0.9473353624343872,2.944632053375244,0.9473358392715454,5.782172325201155e-05,93.76810669898987,0.024989141737027567,0.05245494842529297,0.05266416072845459
3.8919689655303955,3.8919572830200195,2.9446330070495605,0.947335958480835,2.9446218013763428,0.9473353624343872,5.392295478639225e-05,105.87922477722168,0.02505919508775205,0.05263233184814453,0.05266463756561279
3.891941547393799,3.8919520378112793,2.9446065425872803,0.9473350048065186,2.9446163177490234,0.9473356008529663,5e-05,114.60395288467407,0.024943226748447928,0.05251932144165039,0.05266439914703369
3.891948699951172,3.891944408416748,2.944613218307495,0.9473353624343872,2.9446091651916504,0.9473351240158081,4.607704521360776e-05,111.5122241973877,0.025103103271497874,0.052779197692871094,0.052664875984191895
3.8919386863708496,3.8919382095336914,2.944603443145752,0.9473351240158081,2.944603443145752,0.9473348259925842,4.217827674798847e-05,127.88485264778137,0.02499673240433367,0.052631378173828125,0.05266517400741577
3.891936779022217,3.891949415206909,2.9446020126342773,0.9473348259925842,2.9446139335632324,0.947335422039032,3.8327731807204733e-05,110.75391459465027,0.02507416079280557,0.05276060104370117,0.05266457796096802
3.891944408416748,3.8919262886047363,2.9446089267730713,0.9473353624343872,2.944591999053955,0.9473344087600708,3.4549150281252636e-05,95.28911471366882,0.024941026380334956,0.05259895324707031,0.0526655912399292
3.891937255859375,3.891937255859375,2.9446022510528564,0.9473350644111633,2.9446020126342773,0.9473352432250977,3.086582838174551e-05,98.9815104007721,0.02491743698633462,0.05259847640991211,0.052664756774902344
3.8919448852539062,3.8919501304626465,2.9446094036102295,0.9473356008529663,2.9446144104003906,0.9473357200622559,2.7300475013022663e-05,96.5027208328247,0.024799596285925606,0.05227851867675781,0.05266427993774414
3.8919363021850586,3.8919146060943604,2.94460129737854,0.9473350644111633,2.944580554962158,0.9473340511322021,2.3875071764202563e-05,97.060950756073,0.024944476240891397,0.05263519287109375,0.05266594886779785
3.8919315338134766,3.89194655418396,2.944596529006958,0.9473349452018738,2.944611072540283,0.9473355412483215,2.061073738537635e-05,104.53827214241028,0.02503739464569197,0.05285453796386719,0.05266445875167847
3.891935348510742,3.8919363021850586,2.9446003437042236,0.9473349452018738,2.944601058959961,0.9473352432250977,1.7527597583490822e-05,91.95594716072083,0.025003443822294455,0.05272817611694336,0.052664756774902344
3.891927480697632,3.8919339179992676,2.9445927143096924,0.9473347067832947,2.94459867477417,0.9473353028297424,1.4644660940672627e-05,94.4101254940033,0.024780657974794645,0.052272796630859375,0.05266469717025757
3.891935110092163,3.8919427394866943,2.9446001052856445,0.9473350048065186,2.9446072578430176,0.9473354816436768,1.1979701719998453e-05,105.37650609016418,0.025025340384456495,0.052773475646972656,0.05266451835632324
3.891942262649536,3.891937732696533,2.9446067810058594,0.9473355412483215,2.9446024894714355,0.9473353028297424,9.549150281252633e-06,107.51426887512207,0.02502800855489833,0.05274629592895508,0.05266469717025757
3.89194655418396,3.8919529914855957,2.944610834121704,0.9473357796669006,2.9446167945861816,0.9473360776901245,7.367991782295391e-06,111.81034016609192,0.024861884737315407,0.0524592399597168,0.05266392230987549
3.891937017440796,3.8919291496276855,2.9446017742156982,0.9473352432250977,2.944594383239746,0.9473348259925842,5.449673790581611e-06,112.89227771759033,0.025044686326705045,0.05280303955078125,0.05266517400741577
3.8919427394866943,3.8919715881347656,2.9446072578430176,0.9473355412483215,2.944634437561035,0.9473370909690857,3.8060233744356633e-06,106.44241380691528,0.024865170087620524,0.0524134635925293,0.05266290903091431
3.8919386863708496,3.891960859298706,2.944603204727173,0.9473356008529663,2.944624423980713,0.9473364949226379,2.4471741852423237e-06,94.91983318328857,0.02488416747514252,0.05251789093017578,0.05266350507736206
3.891937255859375,3.891946792602539,2.9446017742156982,0.9473355412483215,2.944611072540283,0.9473356008529663,1.3815039801161721e-06,97.67924308776855,0.02504307637048515,0.052803993225097656,0.05266439914703369
3.891923666000366,3.891928195953369,2.9445888996124268,0.9473347663879395,2.9445929527282715,0.9473351836204529,6.15582970243117e-07,89.30435919761658,0.02496253744600778,0.05260753631591797,0.05266481637954712
3.8919243812561035,3.8919293880462646,2.944589614868164,0.9473347663879395,2.944594383239746,0.9473350048065186,1.5413331334360182e-07,106.27327799797058,0.02503743012085341,0.052805423736572266,0.052664995193481445
3.891920566558838,3.8919572830200195,2.9445860385894775,0.9473346471786499,2.9446210861206055,0.9473362565040588,0.0001,105.90544748306274,0.024836596894901704,0.052321434020996094,0.05266374349594116
3.891934633255005,3.8919551372528076,2.9445993900299072,0.9473351836204529,2.9446184635162354,0.9473366141319275,9.996145181203615e-05,101.66663527488708,0.025019136073393167,0.052754878997802734,0.05266338586807251
3.8919334411621094,3.891923427581787,2.9445979595184326,0.9473353624343872,2.9445886611938477,0.9473348259925842,9.98458666866564e-05,98.65235805511475,0.024989864800430667,0.05265045166015625,0.05266517400741577
3.891925811767578,3.891904592514038,2.9445908069610596,0.9473350644111633,2.944570541381836,0.9473340511322021,9.965342284774632e-05,94.36963486671448,0.02516836805711254,0.05287981033325195,0.05266594886779785
3.8919317722320557,3.8919429779052734,2.944596529006958,0.9473352432250977,2.9446072578430176,0.9473357796669006,9.938441702975689e-05,105.90060067176819,0.02501874466084333,0.052490234375,0.052664220333099365
3.8919448852539062,3.891925573348999,2.9446089267730713,0.9473358988761902,2.9445905685424805,0.9473350644111633,9.903926402016153e-05,103.39778137207031,0.02509670573268672,0.052681922912597656,0.05266493558883667
3.8919174671173096,3.891920804977417,2.94458270072937,0.9473347663879395,2.9445858001708984,0.9473349452018738,9.861849601988383e-05,107.61060428619385,0.025153831373557266,0.05273580551147461,0.05266505479812622
3.8919382095336914,3.8918991088867188,2.9446027278900146,0.9473356008529663,2.9445652961730957,0.947333812713623,9.812276182268236e-05,98.41555905342102,0.025095269661813212,0.05258750915527344,0.05266618728637695
3.8919358253479004,3.891921281814575,2.9445998668670654,0.9473358392715454,2.9445862770080566,0.9473350048065186,9.755282581475769e-05,107.15705585479736,0.025127486746380157,0.05263090133666992,0.052664995193481445
3.8919119834899902,3.891918420791626,2.944577217102051,0.9473347663879395,2.9445834159851074,0.9473349452018738,9.690956679612421e-05,120.57858443260193,0.02521808064232393,0.05278921127319336,0.05266505479812622
3.8919291496276855,3.8919074535369873,2.944593667984009,0.9473355412483215,2.944572925567627,0.9473345875740051,9.619397662556435e-05,96.87725830078125,0.025248451717640036,0.05282449722290039,0.05266541242599487
3.8919248580932617,3.8919007778167725,2.944589376449585,0.9473354816436768,2.944566249847412,0.9473345875740051,9.540715869125407e-05,112.04372692108154,0.025114117699328132,0.052620887756347656,0.05266541242599487
3.8919315338134766,3.8919076919555664,2.9445955753326416,0.947335958480835,2.944572925567627,0.9473347663879395,9.45503262094184e-05,90.3089804649353,0.02510391663752753,0.05257415771484375,0.05266523361206055
3.891927719116211,3.891903877258301,2.944591999053955,0.9473358392715454,2.9445691108703613,0.9473347067832947,9.362480035363986e-05,88.8984317779541,0.025150404706533416,0.052742958068847656,0.05266529321670532
3.891911268234253,3.891902446746826,2.9445762634277344,0.9473350048065186,2.9445676803588867,0.9473346471786499,9.263200821770461e-05,96.81925320625305,0.02529199389665197,0.05288362503051758,0.0526653528213501
3.891907215118408,3.891911506652832,2.9445724487304688,0.947334885597229,2.9445765018463135,0.9473351240158081,9.157348061512727e-05,97.44226002693176,0.02517947827660606,0.05268669128417969,0.052664875984191895
3.8919177055358887,3.8919267654418945,2.944582223892212,0.947335422039032,2.9445908069610596,0.9473360180854797,9.045084971874738e-05,111.10684251785278,0.025208203937692252,0.052631378173828125,0.052663981914520264
3.8919129371643066,3.891927719116211,2.94457745552063,0.9473353624343872,2.944591522216797,0.9473361968994141,8.926584654403724e-05,119.57704305648804,0.02516856020396845,0.05254983901977539,0.05266380310058594
3.8919100761413574,3.8919200897216797,2.9445745944976807,0.9473353624343872,2.944584369659424,0.9473357796669006,8.802029828000156e-05,107.12419581413269,0.025268135132965094,0.052689552307128906,0.052664220333099365
3.8919119834899902,3.8919076919555664,2.9445765018463135,0.9473354816436768,2.9445724487304688,0.9473353624343872,8.671612547178428e-05,128.06336545944214,0.0252582915771578,0.052620887756347656,0.05266463756561279
3.8918845653533936,3.891892671585083,2.9445502758026123,0.9473342895507812,2.9445581436157227,0.9473345875740051,8.535533905932738e-05,101.97456884384155,0.025293360575573926,0.05255460739135742,0.05266541242599487
3.8918988704681396,3.8919219970703125,2.944563865661621,0.9473349452018738,2.9445860385894775,0.9473360180854797,8.39400372766471e-05,98.86993217468262,0.02533733753435064,0.052623748779296875,0.052663981914520264
3.8919012546539307,3.891900062561035,2.944566011428833,0.9473351836204529,2.9445652961730957,0.947334885597229,8.247240241650919e-05,97.9163920879364,0.025417180527829736,0.052681922912597656,0.052665114402770996
3.8919129371643066,3.891913890838623,2.94457745552063,0.9473356008529663,2.944578170776367,0.9473358392715454,8.09546974654917e-05,102.75230956077576,0.02529695901843334,0.05241107940673828,0.05266416072845459
3.8919119834899902,3.8918943405151367,2.9445762634277344,0.9473357796669006,2.9445595741271973,0.9473347067832947,7.938926261462366e-05,87.44210171699524,0.02542574620178372,0.052631378173828125,0.05266529321670532
3.891892671585083,3.8918747901916504,2.9445579051971436,0.9473347663879395,2.944540500640869,0.9473341703414917,7.777851165098012e-05,99.21509456634521,0.025513280218911173,0.052828311920166016,0.0526658296585083
3.891900062561035,3.891908645629883,2.9445648193359375,0.9473352432250977,2.944572925567627,0.9473356008529663,7.612492823579745e-05,100.12324786186218,0.025567065818552257,0.05286693572998047,0.05266439914703369
3.8918988704681396,3.8919100761413574,2.944563627243042,0.9473353028297424,2.9445743560791016,0.9473357200622559,7.443106207484776e-05,94.23613572120667,0.025370391193464837,0.052471160888671875,0.05266427993774414
3.8918960094451904,3.891890287399292,2.9445607662200928,0.9473353028297424,2.9445552825927734,0.9473350048065186,7.269952498697734e-05,95.78794836997986,0.025350387041778787,0.05240011215209961,0.052664995193481445
3.8918793201446533,3.891899824142456,2.944544792175293,0.9473344683647156,2.9445643424987793,0.9473354816436768,7.09329868768714e-05,98.08613920211792,0.025477533355801926,0.05265378952026367,0.05266451835632324
3.891906499862671,3.8919193744659424,2.944570779800415,0.9473357796669006,2.944582939147949,0.9473363757133484,6.91341716182545e-05,106.16637396812439,0.025406108340078865,0.05249929428100586,0.05266362428665161
